{
  "intercept": 4.079934669474939,
  "sharpness": 0.27393565077902665,
  "exposure": -0.1280074908870398,
  "brisque": 0.08084458360440344,
  "musiq": 0.07866797406511611
}